{"cameraMode":{"drawMode":0,"name":"Shaded","section":"Shading Mode"},"sceneLighting":false,"audioPlay":false,"sceneViewState":{"m_AlwaysRefresh":false,"showFog":true,"showSkybox":false,"showFlares":true,"showImageEffects":true,"showParticleSystems":true,"showVisualEffectGraphs":true,"m_FxEnabled":true},"in2DMode":false,"pivot":{"x":-3.588771343231201,"y":0.020553456619381906,"z":-4.643620014190674},"rotation":{"x":-0.06770429760217667,"y":0.9055299162864685,"z":-0.15806078910827638,"w":-0.38787800073623659},"size":7.387639999389648,"orthographic":false}